[
  {
    "id": "1750009794710",
    "name": "exp1",
    "cones": [
      {
        "id": "1750009798429",
        "lat": 38.95940879245423,
        "lng": -116.19140625000001,
        "timestamp": "2025-06-15T17:49:58.429Z",
        "type": "warning"
      },
      {
        "id": "1750009817454",
        "lat": 38.950865400919994,
        "lng": -116.18041992187501,
        "timestamp": "2025-06-15T17:50:17.454Z",
        "type": "warning"
      },
      {
        "id": "1750009829296",
        "lat": 39.036252959636606,
        "lng": -116.26007080078125,
        "timestamp": "2025-06-15T17:50:29.296Z",
        "type": "warning"
      },
      {
        "id": "1750009830348",
        "lat": 38.976492485539424,
        "lng": -116.26831054687501,
        "timestamp": "2025-06-15T17:50:30.348Z",
        "type": "warning"
      },
      {
        "id": "1750009833010",
        "lat": 38.94018471320357,
        "lng": -116.27380371093751,
        "timestamp": "2025-06-15T17:50:33.010Z",
        "type": "warning"
      },
      {
        "id": "1750009834336",
        "lat": 38.927365763942504,
        "lng": -116.27380371093751,
        "timestamp": "2025-06-15T17:50:34.336Z",
        "type": "warning"
      },
      {
        "id": "1750009835717",
        "lat": 38.938048382564126,
        "lng": -116.16943359375001,
        "timestamp": "2025-06-15T17:50:35.717Z",
        "type": "warning"
      },
      {
        "id": "1750009836989",
        "lat": 39.06611426153784,
        "lng": -116.19415283203126,
        "timestamp": "2025-06-15T17:50:36.989Z",
        "type": "warning"
      },
      {
        "id": "1750009838275",
        "lat": 39.04265287290379,
        "lng": -116.19964599609376,
        "timestamp": "2025-06-15T17:50:38.275Z",
        "type": "warning"
      },
      {
        "id": "1750009839837",
        "lat": 39.138581990583525,
        "lng": -116.25183105468751,
        "timestamp": "2025-06-15T17:50:39.837Z",
        "type": "warning"
      },
      {
        "id": "1750009842548",
        "lat": 39.031986028740086,
        "lng": -116.18591308593751,
        "timestamp": "2025-06-15T17:50:42.548Z",
        "type": "warning"
      },
      {
        "id": "1750009854756",
        "lat": 39.308800296002936,
        "lng": -119.60815429687501,
        "timestamp": "2025-06-15T17:50:54.756Z",
        "type": "warning"
      },
      {
        "id": "1750009864425",
        "lat": 38.953802307929465,
        "lng": -116.27174377441408,
        "timestamp": "2025-06-15T17:51:04.425Z",
        "type": "warning"
      },
      {
        "id": "1750009866420",
        "lat": 38.96928580496617,
        "lng": -116.27037048339845,
        "timestamp": "2025-06-15T17:51:06.420Z",
        "type": "warning"
      },
      {
        "id": "1750009872195",
        "lat": 38.96474788913438,
        "lng": -116.27105712890626,
        "timestamp": "2025-06-15T17:51:12.195Z",
        "type": "warning"
      },
      {
        "id": "1750009874043",
        "lat": 38.989302551359515,
        "lng": -116.26796722412111,
        "timestamp": "2025-06-15T17:51:14.043Z",
        "type": "warning"
      },
      {
        "id": "1750009875240",
        "lat": 39.00024264703902,
        "lng": -116.25869750976564,
        "timestamp": "2025-06-15T17:51:15.240Z",
        "type": "warning"
      },
      {
        "id": "1750009876192",
        "lat": 39.00744617666487,
        "lng": -116.24496459960939,
        "timestamp": "2025-06-15T17:51:16.192Z",
        "type": "warning"
      },
      {
        "id": "1750009877493",
        "lat": 39.01838346715566,
        "lng": -116.23191833496095,
        "timestamp": "2025-06-15T17:51:17.493Z",
        "type": "warning"
      },
      {
        "id": "1750009878824",
        "lat": 39.04745242741611,
        "lng": -116.23054504394533,
        "timestamp": "2025-06-15T17:51:18.824Z",
        "type": "warning"
      }
    ],
    "isActive": true,
    "createdAt": "2025-06-15T17:49:54.710Z"
  }
]